{
    "CatBoost": {
        "Accuracy": 0.5800909550277918,
        "Balanced Accuracy": 0.4837119404807466,
        "Precision": 0.48503304282499055,
        "Recall": 0.4837119404807466,
        "F1": 0.4535091237445494,
        "ROC-AUC": 0.7100668248885521,
        "Log Loss": 0.9072284162186245,
        "MCC": 0.2974094357458949,
        "Cohen's Kappa": 0.27840214060837454,
        "Prediction Time (s)": 0.1736943150026491
    },
    "SVM": {
        "Accuracy": 0.5786760990399191,
        "Balanced Accuracy": 0.466929259319853,
        "Precision": 0.4630096370291172,
        "Recall": 0.466929259319853,
        "F1": 0.4139275620511828,
        "ROC-AUC": 0.6670157232198158,
        "Log Loss": 0.9403482263998773,
        "MCC": 0.2904236202999087,
        "Cohen's Kappa": 0.2549077402238492,
        "Prediction Time (s)": 6.657234745001915
    },
    "randomforest_tuned": {
        "Accuracy": 0.5791814047498737,
        "Balanced Accuracy": 0.47897344343723974,
        "Precision": 0.48821551380273237,
        "Recall": 0.47897344343723974,
        "F1": 0.44618579749861764,
        "ROC-AUC": 0.7039935646867203,
        "Log Loss": 0.912002003045932,
        "MCC": 0.2936663211908473,
        "Cohen's Kappa": 0.2712054555718084,
        "Prediction Time (s)": 0.7350972240019473
    },
    "NaiveBayes": {
        "Accuracy": 0.5299646286003031,
        "Balanced Accuracy": 0.49224753525780757,
        "Precision": 0.49356462168162357,
        "Recall": 0.49224753525780757,
        "F1": 0.49220568354346605,
        "ROC-AUC": 0.6925940308784911,
        "Log Loss": 1.6192020935428846,
        "MCC": 0.26245102310178847,
        "Cohen's Kappa": 0.261997484274309,
        "Prediction Time (s)": 0.024675978998857317
    },
    "HistGradientBoosting": {
        "Accuracy": 0.5835270338554825,
        "Balanced Accuracy": 0.48104462728487923,
        "Precision": 0.48511698327997355,
        "Recall": 0.48104462728487923,
        "F1": 0.4360146520461896,
        "ROC-AUC": 0.7149996280908745,
        "Log Loss": 0.8998936192737041,
        "MCC": 0.3029544419558915,
        "Cohen's Kappa": 0.27663517106797186,
        "Prediction Time (s)": 0.18204273400260718
    },
    "ExtraTrees": {
        "Accuracy": 0.567256189994947,
        "Balanced Accuracy": 0.478188277178843,
        "Precision": 0.48557479852409574,
        "Recall": 0.478188277178843,
        "F1": 0.46139368701065225,
        "ROC-AUC": 0.6903976902844464,
        "Log Loss": 0.9475403186472613,
        "MCC": 0.27610504622394155,
        "Cohen's Kappa": 0.2634432281451171,
        "Prediction Time (s)": 0.9755408920027548
    },
    "DecisionTree": {
        "Accuracy": 0.4702374936836786,
        "Balanced Accuracy": 0.42909377468841575,
        "Precision": 0.42972879580766765,
        "Recall": 0.42909377468841575,
        "F1": 0.4293337635498635,
        "ROC-AUC": 0.5760061701382181,
        "Log Loss": 19.07362142734003,
        "MCC": 0.15953239601866673,
        "Cohen's Kappa": 0.15950593660540835,
        "Prediction Time (s)": 0.01705810199928237
    },
    "lightgbm_tuned": {
        "Accuracy": 0.5807983830217281,
        "Balanced Accuracy": 0.4726736827453846,
        "Precision": 0.479384441204412,
        "Recall": 0.4726736827453846,
        "F1": 0.4204083137769737,
        "ROC-AUC": 0.7103160860244976,
        "Log Loss": 0.906559958824264,
        "MCC": 0.2959815818017564,
        "Cohen's Kappa": 0.26392258225201726,
        "Prediction Time (s)": 2.3307648740010336
    },
    "LightGBM": {
        "Accuracy": 0.585245073269328,
        "Balanced Accuracy": 0.4832232915768026,
        "Precision": 0.4934866660553681,
        "Recall": 0.4832232915768026,
        "F1": 0.43889298477705996,
        "ROC-AUC": 0.7146108805763794,
        "Log Loss": 0.9002299191853416,
        "MCC": 0.30654064944298665,
        "Cohen's Kappa": 0.28052058818995884,
        "Prediction Time (s)": 0.3415190680025262
    },
    "XGBoost": {
        "Accuracy": 0.5742294087923193,
        "Balanced Accuracy": 0.48041690540057685,
        "Precision": 0.477864063930684,
        "Recall": 0.48041690540057685,
        "F1": 0.45319121642586885,
        "ROC-AUC": 0.7073331001069262,
        "Log Loss": 0.9174550187298852,
        "MCC": 0.28758698990482456,
        "Cohen's Kappa": 0.2711557429751792,
        "Prediction Time (s)": 0.11899736800114624
    },
    "NeuralNetwork": {
        "Accuracy": 0.5850429509853461,
        "Balanced Accuracy": 0.47504176518454216,
        "Precision": 0.3837712925974039,
        "Recall": 0.47504176518454216,
        "F1": 0.4203937673089273,
        "ROC-AUC": 0.7150181803114449,
        "Log Loss": 0.9011145110297057,
        "MCC": 0.30406738152175794,
        "Cohen's Kappa": 0.26903851405196044,
        "Prediction Time (s)": 0.07585093699890422
    },
    "LogisticRegression": {
        "Accuracy": 0.5817079332996463,
        "Balanced Accuracy": 0.4764461722229451,
        "Precision": 0.4776057640679758,
        "Recall": 0.4764461722229451,
        "F1": 0.4225756224872455,
        "ROC-AUC": 0.7108145694864892,
        "Log Loss": 0.906053635762645,
        "MCC": 0.2995224800608703,
        "Cohen's Kappa": 0.26974839011022844,
        "Prediction Time (s)": 0.012023929000861244
    },
    "KNN": {
        "Accuracy": 0.5313794845881759,
        "Balanced Accuracy": 0.4486306190814602,
        "Precision": 0.46697929623409845,
        "Recall": 0.4486306190814602,
        "F1": 0.44676727895392904,
        "ROC-AUC": 0.6488692184378705,
        "Log Loss": 4.9262710662985265,
        "MCC": 0.217104633132848,
        "Cohen's Kappa": 0.20990694616842265,
        "Prediction Time (s)": 7.782696393998776
    },
    "RandomForest": {
        "Accuracy": 0.5722081859525012,
        "Balanced Accuracy": 0.48267550774738593,
        "Precision": 0.4889479223450854,
        "Recall": 0.48267550774738593,
        "F1": 0.4649610825124942,
        "ROC-AUC": 0.6981850414245673,
        "Log Loss": 0.9312772228385844,
        "MCC": 0.2851818382713012,
        "Cohen's Kappa": 0.2721255539143279,
        "Prediction Time (s)": 0.8326644120024866
    },
    "catboost_tuned": {
        "Accuracy": 0.5824153612935826,
        "Balanced Accuracy": 0.47684835076522414,
        "Precision": 0.4461557478272223,
        "Recall": 0.47684835076522414,
        "F1": 0.42095809066752743,
        "ROC-AUC": 0.7122021886783321,
        "Log Loss": 0.9047558734372549,
        "MCC": 0.3011729111183654,
        "Cohen's Kappa": 0.27086708276641414,
        "Prediction Time (s)": 0.03405749599914998
    },
    "xgboost_tuned": {
        "Accuracy": 0.5794845881758464,
        "Balanced Accuracy": 0.46752259316633654,
        "Precision": 0.3803262601491602,
        "Recall": 0.46752259316633654,
        "F1": 0.4140297614674675,
        "ROC-AUC": 0.7080888389966596,
        "Log Loss": 0.9156278073515247,
        "MCC": 0.2920525439378415,
        "Cohen's Kappa": 0.2560030188430493,
        "Prediction Time (s)": 0.20505423999929917
    }
}